Workbook

Sheet README
A1: FTIR Validation Alignment Workbook
A2: Purpose | B2: Field-facing template for FTIR import normalization, timestamp alignment, comparison windows, and runner manual-window preparation.
A3: Use 1 | B3: Populate FTIR data in the FTIR_Import_Template sheet or normalize the external FTIR export to the same column layout.
A4: Use 2 | B4: Use Window_Alignment to record the exact comparison windows, purge periods, validity decisions, and exclusion reasons.
A5: Use 3 | B5: Use Column_Map when the FTIR source file headers do not match analyte codes such as NOX or CO2.
A6: Use 4 | B6: If the runner needs manual windows, copy the values from the Runner_Manual_Windows sheet into the FTIR validation manual windows field or save that sheet as CSV.
A7: Required runner fields | B7: FTIR file path; timestamp column; analytes; optional column map; optional manual windows; optional time offset (seconds).
A8: Expected timestamp basis | B8: ISO-8601 with timezone is preferred. Use UTC where possible.
A9: Formal caution | B9: METHOD_301_FORMAL still depends on the required paired-window design. This workbook does not by itself create a formal validation outcome.

Sheet FTIR_Import_Template
A1: timestamp | B1: O2 | C1: CO2 | D1: CO | E1: NO | F1: NO2 | G1: NOX | H1: SO2 | I1: VOC | J1: NH3 | K1: CH4 | L1: notes
A2: 2026-04-10T12:00:00Z | L2: Example row

Sheet Window_Alignment
A1: run_no | B1: planned_start_ts_iso | C1: planned_end_ts_iso | D1: ftir_window_start_ts_iso | E1: ftir_window_end_ts_iso | F1: mole_window_start_ts_iso | G1: mole_window_end_ts_iso | H1: purge_start_ts_iso | I1: purge_end_ts_iso | J1: include_in_validation | K1: exclusion_reason | L1: label | M1: notes
A2: 1 | J2: YES | L2: Run 1 FTIR window
A3: 2 | J3: YES | L3: Run 2 FTIR window
A4: 3 | J4: YES | L4: Run 3 FTIR window
A5: 4 | J5: YES | L5: Run 4 FTIR window
A6: 5 | J6: YES | L6: Run 5 FTIR window
A7: 6 | J7: YES | L7: Run 6 FTIR window

Sheet Runner_Manual_Windows
A1: run_no | B1: start_ts_iso | C1: end_ts_iso | D1: label
A2: =Window_Alignment!A2 | B2: =Window_Alignment!D2 | C2: =Window_Alignment!E2 | D2: =IF(Window_Alignment!L2<>"",Window_Alignment!L2,"Run "&Window_Alignment!A2&" FTIR window")
A3: =Window_Alignment!A3 | B3: =Window_Alignment!D3 | C3: =Window_Alignment!E3 | D3: =IF(Window_Alignment!L3<>"",Window_Alignment!L3,"Run "&Window_Alignment!A3&" FTIR window")
A4: =Window_Alignment!A4 | B4: =Window_Alignment!D4 | C4: =Window_Alignment!E4 | D4: =IF(Window_Alignment!L4<>"",Window_Alignment!L4,"Run "&Window_Alignment!A4&" FTIR window")
A5: =Window_Alignment!A5 | B5: =Window_Alignment!D5 | C5: =Window_Alignment!E5 | D5: =IF(Window_Alignment!L5<>"",Window_Alignment!L5,"Run "&Window_Alignment!A5&" FTIR window")
A6: =Window_Alignment!A6 | B6: =Window_Alignment!D6 | C6: =Window_Alignment!E6 | D6: =IF(Window_Alignment!L6<>"",Window_Alignment!L6,"Run "&Window_Alignment!A6&" FTIR window")
A7: =Window_Alignment!A7 | B7: =Window_Alignment!D7 | C7: =Window_Alignment!E7 | D7: =IF(Window_Alignment!L7<>"",Window_Alignment!L7,"Run "&Window_Alignment!A7&" FTIR window")

Sheet Column_Map
A1: analyte | B1: ftir_column_name | C1: notes
A2: O2 | B2: O2 | C2: Edit only if FTIR header differs.
A3: CO2 | B3: CO2 | C3: Edit only if FTIR header differs.
A4: CO | B4: CO | C4: Edit only if FTIR header differs.
A5: NO | B5: NO | C5: Edit only if FTIR header differs.
A6: NO2 | B6: NO2 | C6: Edit only if FTIR header differs.
A7: NOX | B7: NOX | C7: Edit only if FTIR header differs.
A8: SO2 | B8: SO2 | C8: Edit only if FTIR header differs.
A9: VOC | B9: VOC | C9: Edit only if FTIR header differs.
A10: NH3 | B10: NH3 | C10: Edit only if FTIR header differs.
A11: CH4 | B11: CH4 | C11: Edit only if FTIR header differs.
